,name,birth_date,birth_city,birth_state,college,height,position,year_start,year_end,seasons_played,Latitude (generated),Longitude (generated)
64,Lee Knorek,"July 15, 1921",Warsaw,Poland,University of Detroit Mercy,201.0,C,1947.0,1950.0,3.0,52.2296756,21.0122287
131,Ernie Vandeweghe,"September 12, 1928",Montreal,Canada,Colgate University,190.0,F-G,1950.0,1956.0,6.0,45.5016889,-73.567256
184,Bob Houbregs*,,Vancouver,Canada,University of Washington,201.0,,,,,49.2827291,-123.1207375
217,Chris Harris,"August 11, 1933",Southampton,United Kingdom,University of Dayton,190.0,G,1956.0,1956.0,0.0,50.90970040000001,-1.4043509
314,Tom Meschery,"October 26, 1938",Harbin Manchuria,China,Saint Mary's College of California,198.0,F,1962.0,1971.0,9.0,45.80377499999999,126.534967
610,John Brown,"December 14, 1951",Frankfurt,Germany,University of Missouri,201.0,F,1974.0,1980.0,6.0,50.1109221,8.6821267
765,Mike Flynn,"July 31, 1953",Casablanca,Morocco,University of Kentucky,188.0,G,1976.0,1978.0,2.0,33.5731104,-7.589843399999999
801,Swen Nater,"January 14, 1950",Denhelder,Netherlands,"University of California, Los Angeles",211.0,C,1974.0,1984.0,10.0,52.95628079999999,4.7607971
863,Ernie Grunfeld,"April 24, 1955",Satu-Mare,Romania,University of Tennessee,198.0,G-F,1978.0,1986.0,8.0,47.8016702,22.8575926
912,Lars Hansen,"September 14, 1954",Copenhagen,Denmark,University of Washington,208.0,C,1979.0,1979.0,0.0,55.6760968,12.5683372
921,Butch Lee,"December 5, 1956",Santurce,Puerto Rico,Marquette University,183.0,G,1979.0,1980.0,1.0,18.4481441,-66.0641969
937,Mychal Thompson,"January 30, 1955",Nassau,Bahamas,University of Minnesota,208.0,C-F,1979.0,1991.0,12.0,25.0443312,-77.3503609
1008,James Donaldson,"August 16, 1957",Heacham,United Kingdom,Washington State University,218.0,C,1981.0,1995.0,14.0,52.9067246,0.4888306
1063,Kiki Vandeweghe,"August 1, 1958",Wiesbaden,Germany,"University of California, Los Angeles",203.0,F,1981.0,1993.0,12.0,50.0782184,8.239760799999999
1075,Rolando Blackman,"February 26, 1959",Panama City,Panama,Kansas State University,198.0,G,1982.0,1994.0,12.0,8.9823792,-79.51986959999999
1092,Petur Gudmundsson,"October 30, 1958",Reykjavik,Iceland,University of Washington,218.0,C,1982.0,1989.0,7.0,64.146582,-21.9426354
1189,Dominique Wilkins*,,Paris,France,University of Georgia,201.0,,,,,48.856614,2.3522219
1193,Jim Zoet,"December 20, 1953",Uxbridge,Canada,Kent State University,216.0,C,1983.0,1983.0,0.0,44.10940280000001,-79.12049979999999
1197,Wallace Bryant,"July 14, 1959",Madrid,Spain,University of San Francisco,213.0,C,1984.0,1986.0,2.0,40.4167754,-3.7037902
1209,Stewart Granger,"October 27, 1961",Montreal,Canada,Villanova University,190.0,G,1984.0,1987.0,3.0,45.5016889,-73.567256
1229,Leo Rautins,"March 20, 1960",Toronto,Canada,Syracuse University,203.0,F,1984.0,1985.0,1.0,43.653226,-79.3831843
1265,Kenton Edelin,"May 24, 1962",Heidelburg,Germany,University of Virginia,203.0,F,1985.0,1985.0,0.0,49.3987524,8.6724335
1270,Stuart Gray,"May 27, 1963",Panama Canal Zone,Panama,"University of California, Los Angeles",213.0,C-F,1985.0,1991.0,6.0,8.9536419,-79.5376773
1280,Hakeem Olajuwon*,,Lagos,Nigeria,University of Houston,213.0,,,,,6.5243793,3.3792057
1286,Wayne Sappleton,"November 17, 1960",Kingston,Jamaica,Loyola University of Chicago,206.0,F,1985.0,1985.0,0.0,18.0178743,-76.8099041
1310,Uwe Blab,"March 26, 1962",Munich,Germany,Indiana University,216.0,C,1986.0,1990.0,4.0,48.1351253,11.5819805
1311,Manute Bol,"October 16, 1962",Gogrial,South Sudan,University of Bridgeport,231.0,C,1986.0,1995.0,9.0,8.5323992,28.0991001
1318,Ron Crevier,"April 14, 1958",Montreal,Canada,Boston College,213.0,C,1986.0,1986.0,0.0,45.5016889,-73.567256
1321,Patrick Ewing*,,Kingston,Jamaica,Georgetown University,213.0,,,,,18.0178743,-76.8099041
1322,Georgi Glouchkov,"January 10, 1960",Triavna,Bulgaria,,203.0,F,1986.0,1986.0,0.0,42.87665200000001,25.4988388
1330,Yvon Joseph,"October 31, 1957",Cap-Haitian,Haiti,Georgia Institute of Technology,211.0,C,1986.0,1986.0,0.0,19.7370362,-72.20676809999999
1352,Detlef Schrempf,"January 21, 1963",Leverkusen,Germany,University of Washington,206.0,F-C,1986.0,2001.0,15.0,51.04592479999999,7.0192196
1354,Mike Smrek,"August 31, 1962",Welland,Canada,Canisius College,213.0,C,1986.0,1992.0,6.0,42.9921579,-79.2482555
1363,Bill Wennington,"April 26, 1963",Montreal,Canada,St. John's University,213.0,C,1986.0,2000.0,14.0,45.5016889,-73.567256
1397,Fernando Martin,"March 25, 1962",Madrid,Spain,,206.0,C,1987.0,1987.0,0.0,40.4167754,-3.7037902
1401,Cozell McQueen,"January 18, 1962",Paris,France,North Carolina State University,211.0,F,1987.0,1987.0,0.0,48.856614,2.3522219
1468,Olden Polynice,"November 21, 1964",Port-au-Prince,Haiti,University of Virginia,211.0,C-F,1988.0,2004.0,16.0,18.594395,-72.3074326
1477,Duane Washington,"August 31, 1964",Eschwege,Germany,Middle Tennessee State University,193.0,G,1988.0,1993.0,5.0,51.1876662,10.0397725
1478,Chris Welp,"January 2, 1964",Delmenhorst,Germany,University of Washington,213.0,C,1988.0,1990.0,2.0,53.0521886,8.635593199999999
1504,Rolando Ferreira,"May 24, 1964",Curtiba,Brazil,University of Houston,216.0,C,1989.0,1989.0,0.0,-25.4808762,-49.3044253
1518,Tito Horford,"January 19, 1966",LaRomana,Dominican Republic,University of Miami,216.0,C,1989.0,1994.0,5.0,18.4338645,-68.9658817
1522,Steve Kerr,"September 27, 1965",Beirut,Lebanon,University of Arizona,190.0,G,1989.0,2003.0,14.0,33.8937913,35.5017767
1537,Jose Ortiz,"October 25, 1963",Albonito,Puerto Rico,Oregon State University,208.0,F,1989.0,1990.0,1.0,18.140702,-66.2596811
1543,Ramon Rivas,"June 3, 1966",Carolina,Puerto Rico,Temple University,208.0,F-C,1989.0,1989.0,0.0,18.3736316,-65.9630925
1547,Rony Seikaly,"May 10, 1965",Beirut,Lebanon,Syracuse University,211.0,C,1989.0,1999.0,10.0,33.8937913,35.5017767
1553,Rik Smits,"August 23, 1966",Eindhoven,Netherlands,Marist College,224.0,C,1989.0,2000.0,11.0,51.44164199999999,5.4697225
1573,Torgeir Bryn,"August 8, 1964",Oslo,Norway,Texas State University,206.0,C,1990.0,1990.0,0.0,59.9138688,10.7522454
1574,Steve Bucknall,"March 17, 1966",London,United Kingdom,University of North Carolina,198.0,G,1990.0,1990.0,0.0,51.5073509,-0.1277583
1579,Vlade Divac,"February 3, 1968",Prijepolje,Serbia,,216.0,C,1990.0,2005.0,15.0,43.3893574,19.6463666
1607,Sarunas Marciulionis*,,Kaunas,Lithuania,,196.0,,,,,54.8985207,23.9035965
1619,Zarko Paspalj,"March 27, 1966",Pljevlja,Montenegro,,206.0,F,1990.0,1990.0,0.0,43.3582371,19.3512591
1621,Drazen Petrovic*,,Sibenik,Croatia,,196.0,,,,,43.7350196,15.8952045
1635,Alexander Volkov,"March 28, 1964",Omsk,Russia,,208.0,C,1990.0,1992.0,2.0,54.9913545,73.3645204
1640,Alaa Abdelnaby,"June 24, 1968",Cairo,Egypt,Duke University,208.0,F-C,1991.0,1995.0,4.0,30.0444196,31.2357116
1643,Milos Babic,"November 23, 1968",Kraljevo,Serbia,Tennessee Technological University,213.0,C-F,1991.0,1992.0,1.0,43.7238483,20.6872542
1680,Ian Lockhart,"June 25, 1967",Nassau,Bahamas,University of Tennessee,203.0,F,1991.0,1991.0,0.0,25.0443312,-77.3503609
1694,Rumeal Robinson,"November 13, 1966",Mandeville,Jamaica,University of Michigan,188.0,G,1991.0,1997.0,6.0,18.0312855,-77.5046101
1703,Stojko Vrankovic,"January 22, 1964",Drnis,Croatia,,218.0,C,1991.0,1999.0,8.0,43.8602887,16.1558635
1731,Rick Fox,"July 24, 1969",Toronto,Canada,University of North Carolina,201.0,F-G,1992.0,2004.0,12.0,43.653226,-79.3831843
1735,Carl Herrera,"December 14, 1966",Trinidad,Trinidad and Tobago,University of Houston,206.0,F,1992.0,1999.0,7.0,10.3757217,-61.23355919999999
1742,Luc Longley,"January 19, 1969",Melbourne,Australia,University of New Mexico,218.0,C,1992.0,2001.0,9.0,-37.8136276,144.9630576
1749,Dikembe Mutombo*,,Kinshasa,Democratic Republic of the Congo,Georgetown University,218.0,,,,,-4.4419311,15.2662931
1768,Joao Vianna,"November 15, 1966",Trabajara,Brazil,,206.0,F,1992.0,1992.0,0.0,,
1776,Dexter Cambridge,"January 29, 1970",Eleuthra,Bahamas,University of Texas at Austin,201.0,F,1993.0,1993.0,0.0,24.9314461,-76.18996609999999
1781,Radisav Curcic,"September 26, 1965",Cacak,Serbia,,208.0,C,1993.0,1993.0,0.0,43.8914144,20.3501652
1825,Gundars Vetra,"May 22, 1967",Ventspils,Latvia,,198.0,F,1993.0,1993.0,0.0,57.3937216,21.5647066
1835,Shawn Bradley,"March 22, 1972",Landstuhl,Germany,Brigham Young University,229.0,C,1994.0,2005.0,11.0,49.41414640000001,7.570905199999999
1852,Andrew Gaze,"July 24, 1965",Melbourne,Australia,Seton Hall University,201.0,G,1994.0,1999.0,5.0,-37.8136276,144.9630576
1856,Andres Guibert,"October 28, 1968",Havana,Cuba,,208.0,F-C,1994.0,1995.0,1.0,23.1135925,-82.3665956
1857,Geert Hammink,"July 12, 1969",Didam,Netherlands,Louisiana State University,213.0,C,1994.0,1996.0,2.0,51.9411937,6.129859100000001
1874,Toni Kukoc,"September 18, 1968",Split,Croatia,,208.0,F,1994.0,2006.0,12.0,43.5081323,16.4401935
1883,Gheorghe Muresan,"February 14, 1971",Triteni,Romania,,231.0,C,1994.0,2000.0,6.0,46.5850739,23.9989172
1886,Richard Petruska,"January 25, 1969",Levice,Slovakia,"University of California, Los Angeles",208.0,C-F,1994.0,1994.0,0.0,48.217424,18.5984375
1887,Dino Radja,"April 24, 1967",Split,Croatia,,211.0,F-C,1994.0,1997.0,3.0,43.5081323,16.4401935
1904,Sergei Bazarevich,"March 16, 1965",Moscow,Russia,,188.0,G,1995.0,1995.0,0.0,55.755826,37.6172999
1910,Yinka Dare,"October 10, 1972",Kano,Nigeria,George Washington University,213.0,C,1995.0,1998.0,3.0,12.0021794,8.591956099999999
1936,Julius Nwosu,"May 1, 1971",Nkwere,Nigeria,Liberty University,208.0,C,1995.0,1995.0,0.0,5.7647948,7.0982581
1951,Zan Tabak,"June 15, 1970",Split,Croatia,,213.0,C,1995.0,2001.0,6.0,43.5081323,16.4401935
1976,Charles Claxton,"December 13, 1970",St. Thomas,U.S. Virgin Islands,University of Georgia,213.0,C,1996.0,1996.0,0.0,18.3380965,-64.8940946
1978,Rastko Cvetkovic,"June 22, 1970",Belgrade,Serbia,,216.0,C,1996.0,1996.0,0.0,44.786568,20.4489216
1979,Sasha Danilovic,"February 26, 1970",Sarajevo,Bosnia and Herzegovina,,196.0,G,1996.0,1997.0,1.0,43.8562586,18.4130763
1982,Vincenzo Esposito,"January 3, 1969",Caserta,Italy,,190.0,G,1996.0,1996.0,0.0,41.0854362,14.367553
2014,Stefano Rusconi,"October 2, 1968",Bassanod'Grappa,Italy,,206.0,C-F,1996.0,1996.0,0.0,45.7657286,11.7272747
2015,Arvydas Sabonis*,,Kaunas,Lithuania,,221.0,,,,,54.8985207,23.9035965
2031,George Zidek,"August 2, 1973",Zlin,Czech Republic,"University of California, Los Angeles",213.0,C,1996.0,1998.0,2.0,49.2244365,17.6627635
2037,Mark Bradtke,"September 27, 1968",Adelaide,Australia,,208.0,C-F,1997.0,1997.0,0.0,-34.9284989,138.6007456
2046,Aleksandar Djordjevic,"August 26, 1967",Belgrade,Serbia,,188.0,G,1997.0,1997.0,0.0,44.786568,20.4489216
2060,Shane Heal,"September 6, 1970",Melbourne,Australia,,183.0,G,1997.0,2004.0,7.0,-37.8136276,144.9630576
2067,Horacio Llamas,,El Rosario,Mexico,Grand Canyon University,211.0,,,,,30.059549,-115.725753
2073,Martin Muursepp,"September 26, 1974",Tallinn,Estonia,,206.0,F,1997.0,1998.0,1.0,59.43696079999999,24.7535747
2074,Steve Nash,"February 7, 1974",Johannesburg,South Africa,Santa Clara University,190.0,G,1997.0,2014.0,17.0,-26.2041028,28.0473051
2080,Vitaly Potapenko,"March 21, 1975",Kiev,Ukraine,Wright State University,208.0,C,1997.0,2007.0,10.0,50.4501,30.5234
2101,Tariq Abdul-Wahad,"November 3, 1974",Maisons Alfort,France,San Jose State University,198.0,F,1998.0,2003.0,5.0,48.801148,2.429443
2103,Chris Anstey,"January 1, 1975",Melbourne,Australia,,213.0,C,1998.0,2000.0,2.0,-37.8136276,144.9630576
2118,Tim Duncan,"April 25, 1976",St. Croix,U.S. Virgin Islands,Wake Forest University,211.0,F-C,1998.0,2016.0,18.0,17.7245968,-64.83479919999999
2121,Adonal Foyle,"March 9, 1975",Canouan,Saint Vincent and the Grenadines,Colgate University,208.0,C,1998.0,2009.0,11.0,12.7254927,-61.3239372
2130,Zydrunas Ilgauskas,"June 5, 1975",Kaunas,Lithuania,,221.0,C,1998.0,2011.0,13.0,54.8985207,23.9035965
2140,Marko Milic,"May 7, 1977",Kranj,Slovenia,,198.0,G-F,1998.0,1999.0,1.0,46.2428344,14.3555417
2151,Michael Stewart,"April 25, 1975",Cucq-Trepied-Stella-Plage,France,University of California,208.0,C,1998.0,2005.0,7.0,50.4789869,1.58994
2163,Peter Aluma,"April 23, 1973",Lagos,Nigeria,Liberty University,208.0,C,1999.0,1999.0,0.0,6.5243793,3.3792057
2191,Felipe Lopez,"December 19, 1974",Santo Domingo,Dominican Republic,St. John's University,196.0,G,1999.0,2002.0,3.0,18.4860575,-69.93121169999999
2193,Sean Marks,"August 23, 1975",Auckland,New Zealand,University of California,208.0,F-C,1999.0,2011.0,12.0,-36.8484597,174.7633315
2201,Makhtar N'Diaye,"December 12, 1973",Dakar,Senegal,University of North Carolina,203.0,F,1999.0,1999.0,0.0,14.716677,-17.4676861
2203,Rasho Nesterovic,"May 30, 1976",Ljubljana,Slovenia,,213.0,C,1999.0,2010.0,11.0,46.0569465,14.5057515
2204,Dirk Nowitzki,"June 19, 1978",Wurzburg,Germany,,213.0,F,1999.0,2018.0,19.0,49.79130439999999,9.9533548
2205,Michael Olowokandi,"April 3, 1975",Lagos,Nigeria,University of the Pacific,213.0,C,1999.0,2007.0,8.0,6.5243793,3.3792057
2211,Miles Simon,"November 21, 1975",Stockholm,Sweden,University of Arizona,190.0,G,1999.0,1999.0,0.0,59.32932349999999,18.0685808
2215,Peja Stojakovic,"June 9, 1977",Slavoska Pozega ,Croatia,,206.0,F-G,1999.0,2011.0,12.0,45.3314763,17.6744748
2216,Bruno Sundov,"February 10, 1980",Split,Croatia,,218.0,C,1999.0,2005.0,6.0,43.5081323,16.4401935
2230,Lazaro Borrell,"September 20, 1972",Santa Clara,Cuba,,203.0,F,2000.0,2000.0,0.0,22.424398,-79.9416549
2242,Obinna Ekezie,"August 22, 1975",Port Harcourt,Nigeria,University of Maryland,206.0,F-C,2000.0,2005.0,5.0,4.815554,7.0498442
2261,Todd MacCulloch,"January 27, 1976",Winnipeg,Canada,University of Washington,213.0,C,2000.0,2003.0,3.0,49.895136,-97.13837439999999
2265,Jason Miskiri,"August 19, 1975",Georgetown,Guyana,George Mason University,188.0,G,2000.0,2000.0,0.0,6.8012793,-58.1551255
2271,Aleksandar Radojevic,"August 8, 1976",Herceg Novi,Montenegro,Barton County Community College,221.0,C,2000.0,2005.0,5.0,42.4572478,18.5314753
2279,Mirsad Turkcan,"June 7, 1976",Novi Pazar,Serbia,,206.0,F,2000.0,2000.0,0.0,43.1406976,20.5213617
2285,Raja Bell,"September 19, 1976",St. Croix,U.S. Virgin Islands,Florida International University,196.0,G,2001.0,2012.0,11.0,17.7245968,-64.83479919999999
2295,Ruben Garces,"October 17, 1973",Colon,Panama,Providence College,206.0,F,2001.0,2001.0,0.0,9.359302,-79.89986080000001
2305,Garth Joseph,"August 8, 1973",Roseau,Dominica,College of Saint Rose,218.0,C,2001.0,2001.0,0.0,15.3091676,-61.37935539999999
2309,Jamaal Magloire,"May 21, 1978",Toronto,Canada,University of Kentucky,211.0,C,2001.0,2012.0,11.0,43.653226,-79.3831843
2314,Stanislav Medvedenko,"April 4, 1979",Karapyshi,Ukraine,,208.0,F,2001.0,2007.0,6.0,49.6439444,30.78412459999999
2318,Jerome Moiso,"June 15, 1978",Paris,France,"University of California, Los Angeles",208.0,F-C,2001.0,2005.0,4.0,48.856614,2.3522219
2319,Hanno Mottola,"September 9, 1976",Helsinki,Finland,University of Utah,211.0,C,2001.0,2002.0,1.0,60.16985569999999,24.9383791
2320,Mamadou N'Diaye,,Dakar,Senegal,University of North Carolina,203.0,,,,,14.716677,-17.4676861
2322,Eduardo Najera,"July 11, 1976",Meoqui,Mexico,University of Oklahoma,203.0,F,2001.0,2012.0,11.0,28.2697374,-105.4808081
2324,Olumide Oyedeji,"May 11, 1981",Ibadan,Nigeria,,208.0,C,2001.0,2003.0,2.0,7.3775355,3.9470396
2335,Soumaila Samake,"March 18, 1978",Bougouni,Mali,,213.0,C,2001.0,2003.0,2.0,11.4182881,-7.470593499999999
2336,Pepe Sanchez,"May 8, 1977",Bahia Blanca,Argentina,Temple University,193.0,G,2001.0,2003.0,2.0,-38.7183177,-62.2663478
2342,Dragan Tarlac,"May 9, 1973",Belgrade,Serbia,,208.0,C,2001.0,2001.0,0.0,44.786568,20.4489216
2344,Hedo Turkoglu,"March 19, 1979",Istanbul,Turkey,,208.0,F,2001.0,2015.0,14.0,41.0082376,28.9783589
2347,Ruben Wolkowyski,"September 30, 1973",Buenos Aries,Argentina,,208.0,F,2001.0,2003.0,2.0,-34.6036844,-58.3815591
2348,Wang Zhizhi,"July 8, 1977",Beijing,China,,213.0,C,2001.0,2005.0,4.0,39.90419989999999,116.4073963
2353,Carlos Arroyo,"July 30, 1979",Fajardo,Puerto Rico,Florida International University,188.0,G,2002.0,2011.0,9.0,18.3257869,-65.6523838
2354,Mengke Bateer,"November 20, 1975",Beijing,China,,211.0,C,2002.0,2004.0,2.0,39.90419989999999,116.4073963
2357,Ruben Boumtje-Boumtje,"May 20, 1978",Edda,Cameroon,Georgetown University,213.0,C,2002.0,2004.0,2.0,,
2360,Primoz Brezec,"October 2, 1979",Postojna,Slovenia,,218.0,C,2002.0,2010.0,8.0,45.7749704,14.2133245
2372,Samuel Dalembert,"May 10, 1981",Port-Au-Prince,Haiti,Seton Hall University,211.0,C,2002.0,2015.0,13.0,18.594395,-72.3074326
2373,DeSagana Diop,"January 30, 1982",Dakar,Senegal,,213.0,C,2002.0,2013.0,11.0,14.716677,-17.4676861
2374,Predrag Drobnjak,"October 27, 1975",Bijelo Polje,Montenegro,,211.0,C,2002.0,2005.0,3.0,43.0369422,19.7561911
2379,Antonis Fotsis,"April 1, 1981",Athens,Greece,,208.0,F,2002.0,2002.0,0.0,37.9838096,23.7275388
2381,Pau Gasol,"July 6, 1980",Barcelona,Spain,,213.0,F-C,2002.0,2018.0,16.0,41.3850639,2.1734035
2391,Alvin Jones,"September 9, 1978",Luxembourg,Luxembourg,Georgia Institute of Technology,211.0,C,2002.0,2002.0,0.0,49.61162100000001,6.1319346
2392,Andrei Kirilenko,"February 18, 1981",Izhevsk,Russia,,206.0,F,2002.0,2015.0,13.0,56.86186009999999,53.2324284
2396,Tony Parker,"May 17, 1982",Bruges,Belgium,,188.0,G,2002.0,2018.0,16.0,51.209348,3.2246995
2397,Vladimir Radmanovic,"November 19, 1980",Trebinje Srpska-Bih,Bosnia and Herzegovina,,208.0,F,2002.0,2013.0,11.0,42.7081585,18.3502638
2399,Zeljko Rebraca,"April 9, 1972",Apatin,Serbia,,213.0,C,2002.0,2006.0,4.0,45.6728599,18.984314
2411,Oscar Torres,"December 18, 1976",Caracas,Venezuela,,198.0,F,2002.0,2003.0,1.0,10.4805937,-66.90360629999999
2413,Ratko Varda,"May 6, 1979",Bosanska Gradiska,Bosnia and Herzegovina,,216.0,C,2002.0,2002.0,0.0,45.1469213,17.2546844
2418,Robert Archibald,"March 29, 1980",Paisley,United Kingdom,University of Illinois at Urbana-Champaign,211.0,F,2003.0,2004.0,1.0,55.847258,-4.440113999999999
2422,Carlos Boozer,"November 20, 1981",Aschaffenburg,Germany,Duke University,206.0,F-C,2003.0,2015.0,12.0,49.9806625,9.135555400000001
2424,Pat Burke,"December 14, 1973",Dublin,Ireland,Auburn University,211.0,C-F,2003.0,2007.0,4.0,53.3498053,-6.2603097
2431,Dan Gadzuric,"February 2, 1978",Den Haag,Netherlands,"University of California, Los Angeles",211.0,C,2003.0,2012.0,9.0,52.0704978,4.3006999
2432,Manu Ginobili,"July 28, 1977",Bahia Blanca,Argentina,,198.0,G,2003.0,2018.0,15.0,-38.7183177,-62.2663478
2433,Gordan Giricek,"June 20, 1977",Zagreb,Croatia,,198.0,G-F,2003.0,2008.0,5.0,45.8150108,15.9819189
2439,Nene Hilario,"September 13, 1982",Sao Carlos,Brazil,,211.0,F-C,2003.0,2018.0,15.0,-22.0087082,-47.8909263
2443,Marko Jaric,"October 12, 1978",Belgrade,Serbia,,201.0,G,2003.0,2009.0,6.0,44.786568,20.4489216
2450,Yao Ming*,,Shanghai,China,,229.0,,,,,31.230416,121.473701
2452,Bostjan Nachbar,"July 3, 1980",Slovenj Gradec,Slovenia,,206.0,F,2003.0,2008.0,5.0,46.5075851,15.0768162
2453,Mehmet Okur,"May 26, 1979",Yalova,Turkey,,211.0,C-F,2003.0,2012.0,9.0,40.654895,29.284186
2458,Igor Rakocevic,"March 29, 1978",Belgrade,Serbia,,190.0,G,2003.0,2003.0,0.0,44.786568,20.4489216
2459,Efthimi Rentzias,"January 11, 1976",Trikala,Greece,,211.0,C,2003.0,2003.0,0.0,39.5557317,21.7678951
2460,Antoine Rigaudeau,"December 17, 1971",Cholet,France,,201.0,G,2003.0,2003.0,0.0,47.059407,-0.879787
2465,Predrag Savovic,"May 21, 1976",Pula,Croatia,University of Hawaii,198.0,G,2003.0,2003.0,0.0,44.8666232,13.8495788
2469,Cezary Trybanski,"September 22, 1979",Warsaw,Poland,,218.0,C,2003.0,2004.0,1.0,52.2296756,21.0122287
2471,Jiri Welsch,"January 27, 1980",Pardubice,Czech Republic,,201.0,G,2003.0,2006.0,3.0,50.0343092,15.7811994
2480,Leandro Barbosa,"November 28, 1982",San Paulo,Brazil,,190.0,G,2004.0,2017.0,13.0,-23.5505199,-46.63330939999999
2489,Zarko Cabarkapa,"May 21, 1981",Zrenjanin,Serbia,,211.0,F,2004.0,2006.0,2.0,45.3815612,20.3685737
2496,Boris Diaw,"April 16, 1982",Cormeille-en-Parisis,France,,203.0,F-C,2004.0,2017.0,13.0,48.973526,2.201292
2499,Ndudi Ebi,"June 18, 1984",London,United Kingdom,,206.0,F,2004.0,2005.0,1.0,51.5073509,-0.1277583
2500,Francisco Elson,"February 28, 1976",Rotterdam,Netherlands,University of California,213.0,C,2004.0,2012.0,8.0,51.9244201,4.4777326
2505,Alex Garcia,"March 4, 1980",Orlandia,Brazil,,190.0,G,2004.0,2005.0,1.0,-20.7172315,-47.8803602
2521,Maciej Lampe,"February 5, 1985",Lodz,Poland,,211.0,C,2004.0,2006.0,2.0,51.7592485,19.4559833
2522,Raul Lopez,"April 15, 1980",Vic,Spain,,185.0,G,2004.0,2005.0,1.0,41.9304373,2.2544335
2524,Darko Milicic,"June 20, 1985",Novi Sad,Serbia,,213.0,F-C,2004.0,2013.0,9.0,45.2671352,19.8335496
2528,Kirk Penney,"November 23, 1980",Auckland,New Zealand,University of Wisconsin,196.0,G,2004.0,2005.0,1.0,-36.8484597,174.7633315
2530,Mickael Pietrus,"February 7, 1982",Les Abymes,Guadeloupe,,198.0,G-F,2004.0,2013.0,9.0,16.2772371,-61.5086998
2531,Zoran Planinic,"September 12, 1982",Mostar,Bosnia and Herzegovina,,201.0,G,2004.0,2006.0,2.0,43.34377480000001,17.8077578
2534,Darius Songaila,"February 14, 1978",Marijampole,Lithuania,Wake Forest University,206.0,F,2004.0,2011.0,7.0,54.5553929,23.3626146
2537,Slavko Vranes,"January 30, 1983",Belgrade,Serbia,,226.0,C,2004.0,2004.0,0.0,44.786568,20.4489216
2543,Rafael Araujo,"August 12, 1980",Curitiba,Brazil,Brigham Young University,211.0,C,2005.0,2007.0,2.0,-25.4808762,-49.3044253
2547,Andris Biedrins,"April 2, 1986",Riga,Latvia,,211.0,C,2005.0,2014.0,9.0,56.9496487,24.1051865
2557,Carlos Delfino,"August 29, 1982",Santa Fe,Argentina,,198.0,G,2005.0,2013.0,8.0,-31.6106578,-60.697294
2558,Luol Deng,"April 16, 1985",Wow,South Sudan,Duke University,206.0,F,2005.0,2018.0,13.0,7.7091884,27.9834738
2563,Luis Flores,"April 11, 1981",San Pedro de Macoris,Dominican Republic,Manhattan College,188.0,G,2005.0,2005.0,0.0,18.46266,-69.3051234
2565,Ben Gordon,"April 4, 1983",London,United Kingdom,University of Connecticut,190.0,G,2005.0,2015.0,10.0,51.5073509,-0.1277583
2574,Mario Kasun,"April 5, 1980",Split,Croatia,,216.0,C,2005.0,2006.0,1.0,43.5081323,16.4401935
2575,Viktor Khryapa,"August 3, 1982",Kiev,Ukraine,,206.0,F,2005.0,2008.0,3.0,50.4501,30.5234
2577,Nenad Krstic,"July 25, 1983",Kraljevo,Serbia,,213.0,C,2005.0,2011.0,6.0,43.7238483,20.6872542
2578,Ibo Kutluay,"July 1, 1974",Istanbul,Turkey,,198.0,G,2005.0,2005.0,0.0,41.0082376,28.9783589
2582,Andres Nocioni,"November 30, 1979",Santa Fe,Argentina,,201.0,F,2005.0,2012.0,7.0,-31.6106578,-60.697294
2584,Pavel Podkolzin,"January 15, 1985",Novosibirsk,Russia,,226.0,C,2005.0,2006.0,1.0,54.9832693,82.8963831
2589,Ha Seung-Jin,"August 4, 1985",Seoul,Republic of Korea,,221.0,C,2005.0,2006.0,1.0,37.566535,126.9779692
2592,Pape Sow,"November 22, 1981",Dakar,Senegal,"California State University, Fullerton",208.0,F,2005.0,2007.0,2.0,14.716677,-17.4676861
2595,Yuta Tabuse,"October 5, 1980",Yokohama,Japan,Brigham Young University Hawaii,175.0,G,2005.0,2005.0,0.0,35.4436739,139.6379639
2599,Beno Udrih,"July 5, 1982",Celje,Slovenia,,190.0,G,2005.0,2017.0,12.0,46.23974949999999,15.2677063
2600,Anderson Varejao,"September 28, 1982",Santa Teresa,Brazil,,208.0,F-C,2005.0,2017.0,12.0,-22.9162662,-43.1916361
2602,Sasha Vujacic,"March 8, 1984",Maribor,Slovenia,,201.0,G,2005.0,2017.0,12.0,46.5546503,15.6458812
2608,Martynas Andriuskevicius,"March 12, 1986",Kaunas,Lithuania,,218.0,C,2006.0,2006.0,0.0,54.8985207,23.9035965
2612,Esteban Batista,"September 2, 1983",Montevideo,Uruguay,,208.0,F-C,2006.0,2007.0,1.0,-34.9011127,-56.16453139999999
2614,Andrew Bogut,"November 28, 1984",Melbourne,Australia,University of Utah,213.0,C,2006.0,2018.0,12.0,-37.8136276,144.9630576
2618,Jose Calderon,"September 28, 1981",Villanueva de la Serena,Spain,,190.0,G,2006.0,2018.0,12.0,38.97357520000001,-5.7997323
2628,Deng Gai,"March 22, 1982",Wow,South Sudan,Fairfield University,206.0,F,2006.0,2006.0,0.0,7.7091884,27.9834738
2629,Francisco Garcia,"December 31, 1981",Santo Domingo,Dominican Republic,University of Louisville,201.0,F-G,2006.0,2015.0,9.0,18.4860575,-69.93121169999999
2643,Sarunas Jasikevicius,"March 5, 1976",Kaunas,Lithuania,University of Maryland,193.0,G,2006.0,2007.0,1.0,54.8985207,23.9035965
2646,Linas Kleiza,"January 3, 1985",Kaunas,Lithuania,University of Missouri,203.0,F,2006.0,2013.0,7.0,54.8985207,23.9035965
2647,Yaroslav Korolev,"May 7, 1987",Moscow,Russia,,206.0,F,2006.0,2007.0,1.0,55.755826,37.6172999
2649,Arvydas Macijauskas,"January 19, 1980",Klaipeda,Lithuania,,193.0,G,2006.0,2006.0,0.0,55.70329479999999,21.1442795
2650,Rawle Marshall,"February 20, 1982",Georgetown,Guyana,Oakland University,206.0,G-F,2006.0,2007.0,1.0,6.8012793,-58.1551255
2655,Sergei Monia,"April 15, 1983",Saratov,Russia,,203.0,F,2006.0,2006.0,0.0,51.5461754,46.0154123
2656,Boniface N'Dong,"March 9, 1977",Dakar,Senegal,,213.0,C,2006.0,2006.0,0.0,14.716677,-17.4676861
2657,Fabricio Oberto,"March 21, 1975",Las Varillas,Argentina,,208.0,C-F,2006.0,2011.0,5.0,-31.8722985,-62.7213671
2660,Johan Petro,"January 27, 1986",Paris,France,,213.0,C,2006.0,2013.0,7.0,48.856614,2.3522219
2669,Luke Schenscher,"December 31, 1982",Hope Forest,Australia,Georgia Institute of Technology,216.0,C,2006.0,2007.0,1.0,-35.27977449999999,138.6241662
2676,Ronny Turiaf,"January 13, 1983",Le Robert,Martinique,Gonzaga University,208.0,F,2006.0,2015.0,9.0,14.6769019,-60.9452794
2695,Kelenna Azubuike,"December 16, 1983",London,United Kingdom,University of Kentucky,196.0,G,2007.0,2012.0,5.0,51.5073509,-0.1277583
2697,Andrea Bargnani,"October 26, 1985",Rome,Italy,,213.0,F-C,2007.0,2016.0,9.0,41.9027835,12.4963655
2708,Yakhouba Diawara,"August 29, 1982",Paris,France,Pepperdine University,201.0,G-F,2007.0,2010.0,3.0,48.856614,2.3522219
2713,Jorge Garbajosa,"December 19, 1977",Madrid,Spain,,206.0,F,2007.0,2008.0,1.0,40.4167754,-3.7037902
2715,Mickael Gelabale,"May 22, 1983",Pointe Noire,Guadeloupe,,201.0,F,2007.0,2013.0,6.0,16.2195427,-61.75903289999999
2717,Andreas Glyniadakis,"August 21, 1981",Hania,Greece,,216.0,C,2007.0,2007.0,0.0,35.5138298,24.0180367
2720,Walter Herrmann,"June 26, 1979",Venado Tuerto,Argentina,,206.0,F,2007.0,2009.0,2.0,-33.7455566,-61.9690161
2723,Mile Ilic,"June 2, 1984",Tuzla,Bosnia and Herzegovina,,216.0,C,2007.0,2007.0,0.0,44.53746109999999,18.6734687
2724,Ersan Ilyasova,"May 15, 1987",Eskisehir,Turkey,,208.0,F,2007.0,2018.0,11.0,39.7667061,30.52563109999999
2731,Damir Markota,"December 26, 1985",Sarajevo,Bosnia and Herzegovina,,208.0,C,2007.0,2007.0,0.0,43.8562586,18.4130763
2734,Pops Mensah-Bonsu,"September 7, 1983",London,United Kingdom,George Washington University,206.0,F,2007.0,2011.0,4.0,51.5073509,-0.1277583
2747,Sergio Rodriguez,"June 12, 1986",Tenerife,Spain,,190.0,G,2007.0,2017.0,10.0,28.2915637,-16.6291304
2750,Thabo Sefolosha,"May 2, 1984",Vevey,Switzerland,,201.0,G-F,2007.0,2018.0,11.0,46.4628333,6.8419192
2752,Uros Slokar,"May 14, 1983",Ljubljana,Slovenia,,208.0,F,2007.0,2007.0,0.0,46.0569465,14.5057515
2755,Vassilis Spanoulis,"August 7, 1982",Larissa,Greece,,193.0,G,2007.0,2007.0,0.0,39.63902239999999,22.4191254
2766,Joel Anthony,"August 9, 1982",Montreal,Canada,"University of Nevada, Las Vegas",206.0,C,2008.0,2017.0,9.0,45.5016889,-73.567256
2767,Marco Belinelli,"March 25, 1986",Bologna,Italy,,196.0,G-F,2008.0,2018.0,10.0,44.494887,11.3426162
2776,Guillermo Diaz,"March 4, 1985",San Juan,Puerto Rico,University of Miami,188.0,G,2008.0,2008.0,0.0,18.4655394,-66.1057355
2780,Kyrylo Fesenko,"December 24, 1986",Dnepropetrovsk,Ukraine,,216.0,C,2008.0,2012.0,4.0,48.464717,35.046183
2782,Marcin Gortat,"February 17, 1984",Lodz,Poland,,211.0,C-F,2008.0,2018.0,10.0,51.7592485,19.4559833
2787,Al Horford,"June 3, 1986",Puerto Plata,Dominican Republic,University of Florida,208.0,C-F,2008.0,2018.0,10.0,19.7807686,-70.6871091
2788,Yi Jianlian,"October 27, 1987",He Shan,China,,213.0,F,2008.0,2012.0,4.0,22.765392,112.964446
2792,Stephane Lasme,"December 17, 1982",Port-Gentil,Gabon,University of Massachusetts Amherst,203.0,F,2008.0,2008.0,0.0,-0.7351025999999999,8.7591311
2794,Ian Mahinmi,"November 5, 1986",Rouen,France,,211.0,C,2008.0,2018.0,10.0,49.44323199999999,1.099971
2800,Oleksiy Pecherov,"December 8, 1985",Donetsk,Ukraine,,213.0,C,2008.0,2010.0,2.0,48.015883,37.80285
2801,Kosta Perovic,"February 19, 1985",Osijek,Croatia,,218.0,C,2008.0,2008.0,0.0,45.5549624,18.6955144
2805,Luis Scola,"April 30, 1980",Buenos Aires,Argentina,,206.0,F,2008.0,2017.0,9.0,-34.6036844,-58.3815591
2820,Alexis Ajinca,"May 6, 1988",Saint-Etienne,France,,218.0,C,2009.0,2017.0,8.0,45.439695,4.3871779
2821,Joe Alexander,"December 26, 1986",Kaohsiung,Taiwan,West Virginia University,203.0,F,2009.0,2010.0,1.0,22.6272784,120.3014353
2824,Nicolas Batum,"December 14, 1988",Lisieux,France,,203.0,F-G,2009.0,2018.0,9.0,49.145922,0.227849
2832,Goran Dragic,"May 6, 1986",Ljubljana,Slovenia,,190.0,G,2009.0,2018.0,9.0,46.0569465,14.5057515
2833,Rudy Fernandez,"April 4, 1985",Palma de Mallorca,Spain,,198.0,G,2009.0,2012.0,3.0,39.5696005,2.6501603
2834,Danilo Gallinari,"August 8, 1988",Sant'Angelo Lodigiano,Italy,,208.0,F,2009.0,2018.0,9.0,45.2323253,9.412306899999999
2835,Marc Gasol,"January 29, 1985",Barcelona,Spain,,216.0,C,2009.0,2018.0,9.0,41.3850639,2.1734035
2837,Donte Greene,"February 21, 1988",Munich,Germany,Syracuse University,211.0,F,2009.0,2012.0,3.0,48.1351253,11.5819805
2838,Hamed Haddadi,"May 19, 1985",Ahvaz,Islamic Republic of Iran,,218.0,C,2009.0,2013.0,4.0,31.3183272,48.6706187
2845,Nathan Jawai,"October 10, 1986",Sydney,Australia,Midland College,208.0,C-F,2009.0,2010.0,1.0,-33.8688197,151.2092955
2860,Anthony Randolph,"July 15, 1989",Worzbach,Germany,Louisiana State University,208.0,F,2009.0,2014.0,5.0,50.4626069,11.5371987
2869,Roko Ukic,"May 12, 1984",Split,Croatia,,196.0,G,2009.0,2010.0,1.0,43.5081323,16.4401935
2874,Sun Yue,"November 6, 1985",Hebei,China,,206.0,G,2009.0,2009.0,0.0,37.8956594,114.9042208
2877,Rodrigue Beaubois,"February 24, 1988",Pointe-a-Pitre,Guadeloupe,,183.0,G,2010.0,2013.0,3.0,16.2376869,-61.5340424
2883,Omri Casspi,"June 22, 1988",Holon,Israel,,206.0,F,2010.0,2018.0,8.0,32.015833,34.787384
2907,Serge Ibaka,"September 18, 1989",Brazzaville,Republic of the Congo,,208.0,F-C,2010.0,2018.0,8.0,-4.2633597,15.2428853
2911,Jonas Jerebko,"March 2, 1987",Kinna,Sweden,,208.0,F,2010.0,2018.0,8.0,57.50984,12.6941321
2925,Hasheem Thabeet,"February 16, 1987",Dar es Salaam,United Republic of Tanzania,University of Connecticut,221.0,C,2010.0,2014.0,4.0,-6.792354,39.2083284
2930,Solomon Alabi,"March 21, 1988",Kaduna,Nigeria,Florida State University,216.0,C,2011.0,2012.0,1.0,10.5104642,7.4165053
2934,Omer Asik,"July 4, 1986",Bursa,Turkey,,213.0,C,2011.0,2018.0,7.0,40.1885281,29.0609636
2948,Semih Erden,"July 28, 1986",Istanbul,Turkey,,213.0,C,2011.0,2012.0,1.0,41.0082376,28.9783589
2950,Patrick Ewing,"August 5, 1962",Kingston,Jamaica,Georgetown University,213.0,C-F,1986.0,2002.0,16.0,18.0178743,-76.8099041
2951,Patrick Ewing,"May 20, 1984",Kingston,Jamaica,Georgetown University,213.0,F,2011.0,2011.0,0.0,18.0178743,-76.8099041
2952,Christian Eyenga,"June 22, 1989",Kinshasa,Democratic Republic of the Congo,,196.0,F,2011.0,2012.0,1.0,-4.4419311,15.2662931
2955,Gary Forbes,"February 25, 1985",Colon,Panama,University of Massachusetts Amherst,201.0,F,2011.0,2012.0,1.0,9.359302,-79.89986080000001
2962,Xavier Henry,"March 15, 1991",Gent,Belgium,University of Kansas,198.0,G,2011.0,2015.0,4.0,51.0543422,3.7174243
2972,Timofey Mozgov,"July 16, 1986",St. Petersburg,Russia,,216.0,C,2011.0,2018.0,7.0,59.9310584,30.3609096
2973,Hamady N'Diaye,"January 12, 1987",Dakar,Senegal,Rutgers University,213.0,C,2011.0,2014.0,3.0,14.716677,-17.4676861
2977,Nikola Pekovic,"January 3, 1986",Bijelo Polje,Montenegro,,211.0,C,2011.0,2016.0,5.0,43.0369422,19.7561911
2981,Samardo Samuels,"January 9, 1989",Trelawny,Jamaica,University of Louisville,206.0,F,2011.0,2013.0,2.0,18.3526143,-77.6077865
2983,Kevin Seraphin,"December 7, 1989",Cayenne,French Guiana,,206.0,F,2011.0,2017.0,6.0,4.92242,-52.3134531
2987,Tiago Splitter,"January 1, 1985",Joinville,Brazil,,211.0,F-C,2011.0,2017.0,6.0,-26.2834213,-48.8452269
2989,Pape Sy,"April 5, 1988",Loudeac,France,,201.0,F,2011.0,2011.0,0.0,48.176274,-2.752021
2993,Greivis Vasquez,"January 16, 1987",Caracas,Venezuela,University of Maryland,198.0,G,2011.0,2017.0,6.0,10.4805937,-66.90360629999999
2998,Gustavo Ayon,"April 1, 1985",Tepic,Mexico,,208.0,C,2012.0,2014.0,2.0,21.5041651,-104.8945887
3000,Bismack Biyombo,"August 28, 1992",Lubumbashi,Democratic Republic of the Congo,,206.0,C-F,2012.0,2018.0,6.0,-11.6876026,27.5026174
3024,Kyrie Irving,"March 23, 1992",Melbourne,Australia,Duke University,190.0,G,2012.0,2018.0,6.0,-37.8136276,144.9630576
3025,Reggie Jackson,"April 16, 1990",Pordenone,Italy,Boston College,190.0,G,2012.0,2018.0,6.0,45.9563684,12.661452
3030,Jerome Jordan,"September 29, 1986",Kingston,Jamaica,University of Tulsa,213.0,C,2012.0,2015.0,3.0,18.0178743,-76.8099041
3031,Cory Joseph,"August 20, 1991",Toronto,Canada,University of Texas at Austin,190.0,G,2012.0,2018.0,6.0,43.653226,-79.3831843
3032,Enes Kanter,"May 20, 1992",Zurich,Switzerland,,211.0,C,2012.0,2018.0,6.0,47.3768866,8.541694
3046,Ricky Rubio,"October 21, 1990",Barcelona,Spain,,193.0,G,2012.0,2018.0,6.0,41.3850639,2.1734035
3059,Trey Thompkins,,Toronto,Canada,University of Texas at Austin,206.0,,,,,43.653226,-79.3831843
3061,Mychel Thompson,,Nassau,Bahamas,University of Minnesota,208.0,,,,,25.0443312,-77.3503609
3062,Tristan Thompson,"March 13, 1991",Toronto,Canada,University of Texas at Austin,206.0,F-C,2012.0,2018.0,6.0,43.653226,-79.3831843
3065,Jan Vesely,"April 24, 1990",Ostrava,Czech Republic,,211.0,F,2012.0,2014.0,2.0,49.8209226,18.2625243
3066,Nikola Vucevic,"October 24, 1990",Morges,Switzerland,University of Southern California,213.0,C,2012.0,2018.0,6.0,46.5088127,6.496130099999999
3075,Aron Baynes,"December 9, 1986",Gisborne,New Zealand,Washington State University,208.0,C,2013.0,2018.0,5.0,-38.662334,178.017649
3079,Victor Claver,"August 30, 1988",Valencia,Spain,,206.0,F,2013.0,2015.0,2.0,39.4699075,-0.3762881
3086,Festus Ezeli,"October 21, 1989",Benin City,Nigeria,Vanderbilt University,211.0,C,2013.0,2016.0,3.0,6.334986,5.6037465
3087,Evan Fournier,"October 29, 1992",Saint-Maurice,France,,201.0,G-F,2013.0,2018.0,5.0,48.8205669,2.423655
3088,Joel Freeland,"February 7, 1987",Farnham,United Kingdom,,208.0,F-C,2013.0,2015.0,2.0,51.214321,-0.798802
3102,Kris Joseph,"December 17, 1988",Montreal,Canada,Syracuse University,201.0,F,2013.0,2013.0,0.0,45.5016889,-73.567256
3104,Viacheslav Kravtsov,"August 25, 1987",Odessa,Ukraine,,213.0,C,2013.0,2014.0,1.0,46.482526,30.7233095
3111,Fab Melo,"June 20, 1990",Juiz de Forz,Brazil,Syracuse University,213.0,C,2013.0,2013.0,0.0,-21.7623644,-43.3436917
3115,Donatas Motiejunas,"September 20, 1990",Kaunas,Lithuania,,213.0,F-C,2013.0,2017.0,4.0,54.8985207,23.9035965
3118,Andrew Nicholson,"December 8, 1989",Mississauga,Canada,St. Bonaventure University,206.0,F,2013.0,2017.0,4.0,43.5890452,-79.6441198
3120,Tim Ohlbrecht,"August 30, 1988",Wuppertal,Germany,,211.0,C,2013.0,2013.0,0.0,51.2562128,7.150763599999999
3122,Pablo Prigioni,"May 17, 1977",Rio Tercero,Argentina,,190.0,G,2013.0,2016.0,3.0,-32.1766541,-64.1130995
3130,Alexey Shved,"December 16, 1988",Belgorod,Russia,,198.0,G,2013.0,2015.0,2.0,50.5997134,36.5982621
3137,Mirza Teletovic,"September 18, 1985",Mostar,Bosnia and Herzegovina,,206.0,F,2013.0,2018.0,5.0,43.34377480000001,17.8077578
3138,Jonas Valanciunas,"May 6, 1992",Utena,Lithuania,,213.0,C,2013.0,2018.0,5.0,55.5000404,25.609385
3145,Steven Adams,"July 20, 1993",Rotorua,New Zealand,University of Pittsburgh,213.0,C,2014.0,2018.0,4.0,-38.1368478,176.2497461
3146,Giannis Antetokounmpo,"December 6, 1994",Athens,Greece,,211.0,F-G,2014.0,2018.0,4.0,37.9838096,23.7275388
3147,Pero Antic,"July 29, 1982",Skopje,FYR Macedonia,,211.0,C-F,2014.0,2015.0,1.0,41.9981294,21.4254355
3149,Anthony Bennett,"March 14, 1993",Toronto,Canada,"University of Nevada, Las Vegas",203.0,F,2014.0,2017.0,3.0,43.653226,-79.3831843
3165,Luigi Datome,"November 27, 1987",Montebelluna,Italy,,203.0,F,2014.0,2015.0,1.0,45.775491,12.0439904
3168,Matthew Dellavedova,"September 8, 1990",Maryborough,Australia,Saint Mary's College of California,193.0,G,2014.0,2018.0,4.0,-25.5232627,152.6970636
3169,Gorgui Dieng,"January 18, 1990",Kebemer,Senegal,University of Louisville,211.0,C,2014.0,2018.0,4.0,15.3763381,-16.4464766
3171,Vitor Faverani,"May 5, 1988",Porto Alegre,Brazil,,211.0,C,2014.0,2014.0,0.0,-30.0346471,-51.2176584
3174,Rudy Gobert,"June 26, 1992",Saint-Quentin,France,,216.0,C,2014.0,2018.0,4.0,49.847066,3.2874
3176,Jorge Gutierrez,"December 27, 1988",Chihuahua,Mexico,University of California,190.0,G,2014.0,2016.0,2.0,28.6329957,-106.0691004
3178,Elias Harris,"July 6, 1989",Speyer,Germany,Gonzaga University,203.0,F,2014.0,2014.0,0.0,49.3172765,8.441217199999999
3182,Sergey Karasev,"October 26, 1993",St. Petersburg,Russia,,201.0,G-F,2014.0,2016.0,2.0,59.9310584,30.3609096
3184,Ognjen Kuzmic,"May 16, 1990",Doboj,Bosnia and Herzegovina,,216.0,C,2014.0,2015.0,1.0,44.8004192,18.0602921
3187,Alex Len,"June 16, 1993",Antratsit,Ukraine,University of Maryland,216.0,C,2014.0,2018.0,4.0,48.11995049999999,39.0897865
3190,Gal Mekel,"March 4, 1988",Petah Tikva,Israel,Wichita State University,190.0,G,2014.0,2015.0,1.0,32.084041,34.887762
3193,Erik Murphy,"October 26, 1990",Lyon,France,University of Florida,208.0,F,2014.0,2014.0,0.0,45.764043,4.835659
3196,Nemanja Nedovic,"June 16, 1991",Nova Varos,Serbia,,190.0,G,2014.0,2014.0,0.0,43.4676913,19.8125507
3199,Kelly Olynyk,"April 19, 1991",Toronto,Canada,Gonzaga University,213.0,C-F,2014.0,2018.0,4.0,43.653226,-79.3831843
3204,Miroslav Raduljica,"January 5, 1988",Belgrade,Serbia,,213.0,C,2014.0,2015.0,1.0,44.786568,20.4489216
3206,Dennis Schroder,"September 15, 1993",Braunschweig,Germany,,185.0,G,2014.0,2018.0,4.0,52.2688736,10.5267696
3218,Furkan Aldemir,"August 9, 1991",Konak,Turkey,,208.0,F-C,2015.0,2015.0,0.0,38.4144805,27.1441183
3220,Cameron Bairstow,"December 7, 1990",Brisbane,Australia,University of New Mexico,206.0,F-C,2015.0,2016.0,1.0,-27.4697707,153.0251235
3222,Sim Bhullar,"December 2, 1992",Ontario,Canada,New Mexico State University,226.0,C,2015.0,2015.0,0.0,51.253775,-85.323214
3224,Bojan Bogdanovic,"April 18, 1989",Belgrade,Serbia,,198.0,G-F,2015.0,2018.0,3.0,44.786568,20.4489216
3227,Bruno Caboclo,"September 21, 1995",Osasco,Brazil,,206.0,F,2015.0,2018.0,3.0,-23.5372048,-46.7962319
3235,Zoran Dragic,"June 22, 1989",Ljubljana,Slovenia,,196.0,G-F,2015.0,2015.0,0.0,46.0569465,14.5057515
3238,Tyler Ennis,"August 24, 1994",Brampton,Canada,Syracuse University,190.0,G,2015.0,2018.0,3.0,43.7315479,-79.7624177
3239,Dante Exum,"July 13, 1995",Melbourne,Australia,,198.0,G,2015.0,2017.0,2.0,-37.8136276,144.9630576
3250,Joe Ingles,"October 2, 1987",Happy Valley,Australia,,203.0,F-G,2015.0,2018.0,3.0,-35.083,138.567
3257,Joffrey Lauvergne,"September 30, 1991",Mulhouse,France,,211.0,C-F,2015.0,2018.0,3.0,47.750839,7.335888
3265,Nikola Mirotic,"February 11, 1991",Podgorica,Montenegro,,208.0,F,2015.0,2018.0,3.0,42.4304196,19.2593642
3269,Lucas Nogueira,"July 26, 1992",Sao Goncalo,Brazil,,213.0,C,2015.0,2018.0,3.0,-22.8272883,-43.0637646
3270,Jusuf Nurkic,"August 23, 1994",Tuzla,Bosnia and Herzegovina,,213.0,C,2015.0,2018.0,3.0,44.53746109999999,18.6734687
3272,Kostas Papanikolaou,"July 31, 1990",Trikala,Greece,,203.0,F,2015.0,2016.0,1.0,39.5557317,21.7678951
3276,Dwight Powell,"July 20, 1991",Toronto,Canada,Stanford University,211.0,F-C,2015.0,2018.0,3.0,43.653226,-79.3831843
3278,Damjan Rudez,"June 17, 1986",Zagreb,Croatia,,208.0,F,2015.0,2017.0,2.0,45.8150108,15.9819189
3282,Nik Stauskas,"October 7, 1993",Mississauga,Canada,University of Michigan,198.0,G,2015.0,2018.0,3.0,43.5890452,-79.6441198
3289,Andrew Wiggins,"February 23, 1995",Toronto,Canada,University of Kansas,203.0,F-G,2015.0,2018.0,3.0,43.653226,-79.3831843
3293,Thanasis Antetokounmpo,"July 17, 1992",Athens,Greece,,201.0,F,2016.0,2016.0,0.0,37.9838096,23.7275388
3295,Nemanja Bjelica,"May 9, 1988",Belgrade,Serbia,,208.0,F,2016.0,2018.0,2.0,44.786568,20.4489216
3305,Duje Dukan,"December 4, 1991",Split,Croatia,University of Wisconsin,206.0,F,2016.0,2016.0,0.0,43.5081323,16.4401935
3307,Cristiano Felicio,"July 7, 1992",Pouso Alegre,Brazil,,208.0,F-C,2016.0,2018.0,2.0,-22.2480373,-45.9420118
3311,Mario Hezonja,"February 25, 1995",Dubrovnik,Croatia,,203.0,F-G,2016.0,2018.0,2.0,42.65066059999999,18.0944238
3315,Marcelo Huertas,"May 25, 1983",Sao Paulo,Brazil,,190.0,G,2016.0,2017.0,1.0,-23.5505199,-46.63330939999999
3317,Damien Inglis,"May 20, 1995",Cayenne,French Guiana,,203.0,F,2016.0,2016.0,0.0,4.92242,-52.3134531
3319,Nikola Jokic,"February 19, 1995",Sombor,Serbia,,208.0,C-F,2016.0,2018.0,2.0,45.773295,19.1151469
3322,Sasha Kaun,"May 8, 1985",Tomsk,Russia,University of Kansas,211.0,C,2016.0,2016.0,0.0,56.4884295,84.9480469
3324,Trey Lyles,"November 5, 1995",Saskatoon,Canada,University of Kentucky,208.0,F,2016.0,2018.0,2.0,52.1332144,-106.6700458
3325,Boban Marjanovic,"August 15, 1988",Zajecar,Serbia,,221.0,C,2016.0,2018.0,2.0,43.9015048,22.2738011
3329,Salah Mejri,"June 15, 1986",Jendouba,Tunisia,,216.0,C,2016.0,2018.0,2.0,36.5072263,8.7756556
3331,Luis Montero,"April 6, 1993",Santo Domingo,Dominican Republic,Westchester CC,201.0,G,2016.0,2016.0,0.0,18.4860575,-69.93121169999999
3332,Emmanuel Mudiay,"March 5, 1996",Kinshasa,Democratic Republic of the Congo,,196.0,G,2016.0,2018.0,2.0,-4.4419311,15.2662931
3333,Raul Neto,"May 19, 1992",Belo Horizonte,Brazil,,185.0,G,2016.0,2018.0,2.0,-19.9166813,-43.9344931
3338,Tibor Pleiss,"November 2, 1989",Bergisch Gladbach,Germany,,221.0,C,2016.0,2016.0,0.0,50.9923091,7.1286213
3340,Kristaps Porzingis,"August 2, 1995",Liepaja,Latvia,,221.0,F-C,2016.0,2018.0,2.0,56.5046678,21.010806
3347,Walter Tavares,,Maio,Cape Verde,,221.0,,,,,15.2003098,-23.1679793
3348,Axel Toupane,"July 23, 1992",Mulhouse,France,,201.0,G-F,2016.0,2017.0,1.0,47.750839,7.335888
3357,Alex Abrines,"August 1, 1993",Palma de Mallorca,Spain,,198.0,G-F,2017.0,2018.0,1.0,39.5696005,2.6501603
3362,Dragan Bender,"November 17, 1997",Capljina,Bosnia and Herzegovina,,216.0,F,2017.0,2018.0,1.0,43.11182669999999,17.7054838
3363,Davis Bertans,"November 12, 1992",Valmiera,Latvia,,208.0,F,2017.0,2018.0,1.0,57.5384659,25.4263618
3364,Joel Bolomboy,"January 28, 1994",Kiev,Ukraine,Weber State University,206.0,F,2017.0,2018.0,1.0,50.4501,30.5234
3367,Nicolas Brussino,"March 2, 1993",Santa Fe,Argentina,,201.0,G-F,2017.0,2018.0,1.0,-31.6106578,-60.697294
3373,Cheick Diallo,"September 13, 1996",Kayes,Mali,University of Kansas,206.0,F,2017.0,2018.0,1.0,14.4367876,-11.4452717
3376,Joel Embiid,"March 16, 1994",Yaounde,Cameroon,University of Kansas,213.0,C-F,2017.0,2018.0,1.0,3.8480325,11.5020752
3381,Patricio Garino,"May 17, 1993",Buenos Aires,Argentina,George Washington University,198.0,G-F,2017.0,2017.0,0.0,-34.6036844,-58.3815591
3387,Juan Hernangomez,"September 28, 1995",Madrid,Spain,,206.0,F,2017.0,2018.0,1.0,40.4167754,-3.7037902
3388,Willy Hernangomez,"May 27, 1994",Madrid,Spain,,211.0,C,2017.0,2018.0,1.0,40.4167754,-3.7037902
3389,Buddy Hield,"December 17, 1993",Freeport,Bahamas,University of Oklahoma,193.0,G,2017.0,2018.0,1.0,26.5333159,-78.6429019
3397,Mindaugas Kuzminskas,"October 19, 1989",Vilnius,Lithuania,,206.0,F,2017.0,2018.0,1.0,54.6871555,25.2796514
3398,Skal Labissiere,"March 18, 1996",Port-Au-Prince,Haiti,University of Kentucky,211.0,F,2017.0,2018.0,1.0,18.594395,-72.3074326
3399,Nicolas Laprovittola,"January 31, 1990",Buenos Aires,Argentina,,193.0,G,2017.0,2017.0,0.0,-34.6036844,-58.3815591
3403,Timothe Luwawu-Cabarrot,"May 9, 1995",Cannes,France,,198.0,F,2017.0,2018.0,1.0,43.552847,7.017369
3408,Jamal Murray,"February 23, 1997",Kitchener,Canada,University of Kentucky,193.0,G,2017.0,2018.0,1.0,43.4516395,-80.4925337
3409,Maurice Ndour,"June 18, 1992",Sindia,Senegal,Ohio University,206.0,F,2017.0,2017.0,0.0,14.5889351,-17.0391798
3414,Georgios Papagiannis,"July 3, 1997",Amarousio,Greece,,216.0,C,2017.0,2018.0,1.0,38.0549562,23.807655
3418,Jakob Poeltl,"October 15, 1995",Vienna,Austria,University of Utah,213.0,C,2017.0,2018.0,1.0,48.2081743,16.3738189
3424,Dario Saric,"April 8, 1994",Sibenik,Croatia,,208.0,F,2017.0,2018.0,1.0,43.7350196,15.8952045
3425,Tomas Satoransky,"October 30, 1991",Prague,Czech Republic,,201.0,G,2017.0,2018.0,1.0,50.0755381,14.4378005
3427,Pascal Siakam,"February 4, 1994",Douala,Cameroon,New Mexico State University,206.0,F,2017.0,2018.0,1.0,4.0510564,9.7678687
3440,Paul Zipser,"February 18, 1994",Heidelberg,Germany,,203.0,G-F,2017.0,2018.0,1.0,49.3987524,8.6724335
3441,Ivica Zubac,"March 18, 1997",Mostar,Bosnia and Herzegovina,,216.0,C,2017.0,2018.0,1.0,43.34377480000001,17.8077578
